{
  "train_accuracy": 0.8052893148739794,
  "train_f1": 0.5542462413652987,
  "test_accuracy": 0.8005677785663591,
  "test_f1": 0.5504
}